model_label,sample,horizon,flow,dimension,metric,outcome,term,coefficient,std_error,t_stat,p_value,ci_low,ci_high,nobs,clusters,r_squared,status,candidate_rows,dropped_rows,dropped_regressors,fixed_effects,se_method,cluster_col,p_value_reference,bh_q_value
main_lagged_export_growth,rd2_countries,1,Imports,product,gini,product_gini,prior_export_growth,-0.0006390627421020735,0.006438761258457001,-0.09925243636929316,0.9212922905155024,-0.013537451473983303,0.012259325989779156,1231,57,0.9204456814896493,ok,1237,6,,"reporter_code,base_year",clustered by reporter_code,reporter_code,"Student t, df=56",0.9708598471612441
main_lagged_export_growth,rd2_countries,1,Imports,product,gini,product_gini,lag_log_real_exports,-0.0012521954622596032,0.005424769828743371,-0.23082923364320324,0.8182887241660677,-0.01211931527357572,0.009614924349056513,1231,57,0.9204456814896493,ok,1237,6,,"reporter_code,base_year",clustered by reporter_code,reporter_code,"Student t, df=56",
main_lagged_export_growth,rd2_countries,1,Imports,product,gini,product_gini,lag_log_population,-0.029471498511868574,0.022681699126108124,-1.2993514439994025,0.19914733316798075,-0.07490840177394456,0.015965404750207406,1231,57,0.9204456814896493,ok,1237,6,,"reporter_code,base_year",clustered by reporter_code,reporter_code,"Student t, df=56",
main_lagged_export_growth,rd2_countries,1,Imports,partner,gini,partner_gini,prior_export_growth,-0.0011080863877092097,0.009127645670100508,-0.12139892670669457,0.9038096359457815,-0.019392957861270016,0.017176785085851597,1237,57,0.8497740802670001,ok,1237,0,,"reporter_code,base_year",clustered by reporter_code,reporter_code,"Student t, df=56",0.9708598471612441
main_lagged_export_growth,rd2_countries,1,Imports,partner,gini,partner_gini,lag_log_real_exports,0.004024027480447848,0.0047587995967249335,0.8455971718618356,0.4013761653073421,-0.0055089936445483715,0.013557048605444067,1237,57,0.8497740802670001,ok,1237,0,,"reporter_code,base_year",clustered by reporter_code,reporter_code,"Student t, df=56",
main_lagged_export_growth,rd2_countries,1,Imports,partner,gini,partner_gini,lag_log_population,0.013704203463155692,0.019495129944930856,0.7029552253238032,0.48499584424920783,-0.025349234661760263,0.05275764158807165,1237,57,0.8497740802670001,ok,1237,0,,"reporter_code,base_year",clustered by reporter_code,reporter_code,"Student t, df=56",
main_lagged_export_growth,rd2_countries,1,Imports,product,top_1pct_share,product_top_1pct_share,prior_export_growth,0.0036431411486111086,0.02837423131063233,0.1283961178975079,0.8982955081064296,-0.05319727437885578,0.06048355667607801,1231,57,0.8530123342046095,ok,1237,6,,"reporter_code,base_year",clustered by reporter_code,reporter_code,"Student t, df=56",0.9708598471612441
main_lagged_export_growth,rd2_countries,1,Imports,product,top_1pct_share,product_top_1pct_share,lag_log_real_exports,0.0023147981932256645,0.015206279255499711,0.15222646870623943,0.8795554498256648,-0.02814703959356306,0.03277663598001439,1231,57,0.8530123342046095,ok,1237,6,,"reporter_code,base_year",clustered by reporter_code,reporter_code,"Student t, df=56",
main_lagged_export_growth,rd2_countries,1,Imports,product,top_1pct_share,product_top_1pct_share,lag_log_population,0.010915530595727238,0.07549647030834801,0.14458332357983436,0.8855589635459802,-0.14032207285524484,0.1621531340466993,1231,57,0.8530123342046095,ok,1237,6,,"reporter_code,base_year",clustered by reporter_code,reporter_code,"Student t, df=56",
main_lagged_export_growth,rd2_countries,1,Imports,product,top_5pct_share,product_top_5pct_share,prior_export_growth,0.0012096848625906334,0.015813817322129158,0.07649543674049238,0.9392975877012189,-0.030469197917520306,0.03288856764270157,1231,57,0.9072580055835704,ok,1237,6,,"reporter_code,base_year",clustered by reporter_code,reporter_code,"Student t, df=56",0.9708598471612441
main_lagged_export_growth,rd2_countries,1,Imports,product,top_5pct_share,product_top_5pct_share,lag_log_real_exports,0.00011239503180460186,0.011395856428917274,0.009862798158758531,0.992165805879017,-0.02271624859274678,0.022941038656355984,1231,57,0.9072580055835704,ok,1237,6,,"reporter_code,base_year",clustered by reporter_code,reporter_code,"Student t, df=56",
main_lagged_export_growth,rd2_countries,1,Imports,product,top_5pct_share,product_top_5pct_share,lag_log_population,-0.03115585040470599,0.04855640404053758,-0.6416424572687747,0.5237231196954726,-0.1284260161395402,0.06611431533012821,1231,57,0.9072580055835704,ok,1237,6,,"reporter_code,base_year",clustered by reporter_code,reporter_code,"Student t, df=56",
main_lagged_export_growth,rd2_countries,1,Imports,partner,top_1pct_share,partner_top_1pct_share,prior_export_growth,-0.020197145430595462,0.03131086430487896,-0.6450523126392355,0.5215273220144727,-0.08292034374844937,0.04252605288725844,1237,57,0.8317772355359094,ok,1237,0,,"reporter_code,base_year",clustered by reporter_code,reporter_code,"Student t, df=56",0.9521593238676473
main_lagged_export_growth,rd2_countries,1,Imports,partner,top_1pct_share,partner_top_1pct_share,lag_log_real_exports,-0.01821836207021199,0.021796452752284395,-0.8358406882653233,0.40679679401541546,-0.06188190375003186,0.025445179609607876,1237,57,0.8317772355359094,ok,1237,0,,"reporter_code,base_year",clustered by reporter_code,reporter_code,"Student t, df=56",
main_lagged_export_growth,rd2_countries,1,Imports,partner,top_1pct_share,partner_top_1pct_share,lag_log_population,-0.10390680776237038,0.09612843273445021,-1.080916486482283,0.2843673626971609,-0.2964751984550497,0.08866158293030896,1237,57,0.8317772355359094,ok,1237,0,,"reporter_code,base_year",clustered by reporter_code,reporter_code,"Student t, df=56",
main_lagged_export_growth,rd2_countries,1,Imports,partner,top_5pct_share,partner_top_5pct_share,prior_export_growth,-0.0033128056639831153,0.026292658691528973,-0.12599736309856113,0.9001852898755067,-0.05598333016162336,0.04935771883365713,1237,57,0.8401460939683443,ok,1237,0,,"reporter_code,base_year",clustered by reporter_code,reporter_code,"Student t, df=56",0.9708598471612441
main_lagged_export_growth,rd2_countries,1,Imports,partner,top_5pct_share,partner_top_5pct_share,lag_log_real_exports,0.0035890029119224273,0.012535367187111787,0.28631015417023076,0.7756971357233102,-0.021522355063009414,0.028700360886854268,1237,57,0.8401460939683443,ok,1237,0,,"reporter_code,base_year",clustered by reporter_code,reporter_code,"Student t, df=56",
main_lagged_export_growth,rd2_countries,1,Imports,partner,top_5pct_share,partner_top_5pct_share,lag_log_population,0.011997344708985926,0.05161126714694312,0.23245592236338875,0.8170313873794303,-0.09139244719110595,0.11538713660907782,1237,57,0.8401460939683443,ok,1237,0,,"reporter_code,base_year",clustered by reporter_code,reporter_code,"Student t, df=56",
main_lagged_export_growth,rd2_countries,1,Exports,product,gini,product_gini,prior_export_growth,-0.00231444637954455,0.009436575745368523,-0.24526337116304942,0.80714910582596,-0.02121817915915898,0.01658928640006988,1225,57,0.9426723498410006,ok,1231,6,,"reporter_code,base_year",clustered by reporter_code,reporter_code,"Student t, df=56",0.9708598471612441
main_lagged_export_growth,rd2_countries,1,Exports,product,gini,product_gini,lag_log_real_exports,0.0036007742017500344,0.004851842755114767,0.7421456925730192,0.46110061890242826,-0.00611863476674291,0.013320183170242979,1225,57,0.9426723498410006,ok,1231,6,,"reporter_code,base_year",clustered by reporter_code,reporter_code,"Student t, df=56",
main_lagged_export_growth,rd2_countries,1,Exports,product,gini,product_gini,lag_log_population,-0.052178212352719716,0.018188863713368426,-2.868690049855607,0.0058024689979565185,-0.08861488477291385,-0.015741539932525576,1225,57,0.9426723498410006,ok,1231,6,,"reporter_code,base_year",clustered by reporter_code,reporter_code,"Student t, df=56",
main_lagged_export_growth,rd2_countries,1,Exports,partner,gini,partner_gini,prior_export_growth,0.020209799779935405,0.011088050267372071,1.8226648772873248,0.07369446217828746,-0.0020022340082963587,0.04242183356816717,1231,57,0.8089213075345362,ok,1231,0,,"reporter_code,base_year",clustered by reporter_code,reporter_code,"Student t, df=56",0.3297125599065317
main_lagged_export_growth,rd2_countries,1,Exports,partner,gini,partner_gini,lag_log_real_exports,-0.008495753058651856,0.00536295868457268,-1.584154113118773,0.11879026813456701,-0.01923905026908667,0.0022475441517829566,1231,57,0.8089213075345362,ok,1231,0,,"reporter_code,base_year",clustered by reporter_code,reporter_code,"Student t, df=56",
main_lagged_export_growth,rd2_countries,1,Exports,partner,gini,partner_gini,lag_log_population,0.048198039031195516,0.01925704490678131,2.5028782590740453,0.01526325619054138,0.009621542549249178,0.08677453551314185,1231,57,0.8089213075345362,ok,1231,0,,"reporter_code,base_year",clustered by reporter_code,reporter_code,"Student t, df=56",
main_lagged_export_growth,rd2_countries,1,Exports,product,top_1pct_share,product_top_1pct_share,prior_export_growth,0.049988154311023686,0.03048006664141958,1.640027723662993,0.10660544485861513,-0.011070756298264713,0.11104706492031208,1225,57,0.9065301072492867,ok,1231,6,,"reporter_code,base_year",clustered by reporter_code,reporter_code,"Student t, df=56",0.3783271023827894
main_lagged_export_growth,rd2_countries,1,Exports,product,top_1pct_share,product_top_1pct_share,lag_log_real_exports,0.02342789326446515,0.019898766134613693,1.177354068386812,0.24403393586099645,-0.016434125311224075,0.06328991184015437,1225,57,0.9065301072492867,ok,1231,6,,"reporter_code,base_year",clustered by reporter_code,reporter_code,"Student t, df=56",
main_lagged_export_growth,rd2_countries,1,Exports,product,top_1pct_share,product_top_1pct_share,lag_log_population,-0.21685367995115878,0.07409165960273932,-2.9268298363658363,0.00494043822687976,-0.3652771093943821,-0.06843025050793544,1225,57,0.9065301072492867,ok,1231,6,,"reporter_code,base_year",clustered by reporter_code,reporter_code,"Student t, df=56",
main_lagged_export_growth,rd2_countries,1,Exports,product,top_5pct_share,product_top_5pct_share,prior_export_growth,0.0064315228662206875,0.020039319672362235,0.32094517036378706,0.7494466496021089,-0.03371205827946454,0.04657510401190591,1225,57,0.9446631180172143,ok,1231,6,,"reporter_code,base_year",clustered by reporter_code,reporter_code,"Student t, df=56",0.9708598471612441
main_lagged_export_growth,rd2_countries,1,Exports,product,top_5pct_share,product_top_5pct_share,lag_log_real_exports,0.008738907406169893,0.012340096564035638,0.7081717197934121,0.48177599536494653,-0.01598127650542101,0.0334590913177608,1225,57,0.9446631180172143,ok,1231,6,,"reporter_code,base_year",clustered by reporter_code,reporter_code,"Student t, df=56",
main_lagged_export_growth,rd2_countries,1,Exports,product,top_5pct_share,product_top_5pct_share,lag_log_population,-0.13252603255794493,0.03964598633071716,-3.34273516245617,0.0014834525255173802,-0.21194648671452368,-0.05310557840136618,1225,57,0.9446631180172143,ok,1231,6,,"reporter_code,base_year",clustered by reporter_code,reporter_code,"Student t, df=56",
main_lagged_export_growth,rd2_countries,1,Exports,partner,top_1pct_share,partner_top_1pct_share,prior_export_growth,0.07839511224521206,0.0573328159154701,1.3673689490639291,0.17697307920510927,-0.03645631912286697,0.19324654361329108,1231,57,0.8157302197894931,ok,1231,0,,"reporter_code,base_year",clustered by reporter_code,reporter_code,"Student t, df=56",0.4884374774256645
main_lagged_export_growth,rd2_countries,1,Exports,partner,top_1pct_share,partner_top_1pct_share,lag_log_real_exports,-0.04430188790811296,0.029969435470646493,-1.4782356495004505,0.14494759754070116,-0.10433788136379574,0.015734105547569828,1231,57,0.8157302197894931,ok,1231,0,,"reporter_code,base_year",clustered by reporter_code,reporter_code,"Student t, df=56",
main_lagged_export_growth,rd2_countries,1,Exports,partner,top_1pct_share,partner_top_1pct_share,lag_log_population,-0.0024313294622274606,0.08000655632743649,-0.030389127764441595,0.9758647639493031,-0.16270372087214408,0.15784106194768915,1231,57,0.8157302197894931,ok,1231,0,,"reporter_code,base_year",clustered by reporter_code,reporter_code,"Student t, df=56",
main_lagged_export_growth,rd2_countries,1,Exports,partner,top_5pct_share,partner_top_5pct_share,prior_export_growth,0.06326911895190263,0.03391923162605554,1.8652875056079263,0.06738329140534821,-0.004679266993444342,0.1312175048972496,1231,57,0.8091302647923877,ok,1231,0,,"reporter_code,base_year",clustered by reporter_code,reporter_code,"Student t, df=56",0.3297125599065317
main_lagged_export_growth,rd2_countries,1,Exports,partner,top_5pct_share,partner_top_5pct_share,lag_log_real_exports,-0.02698433657905705,0.014853072792824738,-1.8167511164486256,0.07460815535385883,-0.056738616797655045,0.002769943639540945,1231,57,0.8091302647923877,ok,1231,0,,"reporter_code,base_year",clustered by reporter_code,reporter_code,"Student t, df=56",
main_lagged_export_growth,rd2_countries,1,Exports,partner,top_5pct_share,partner_top_5pct_share,lag_log_population,0.061395525688326485,0.052297392518662326,1.1739691547034108,0.24537596522279997,-0.04336874049462795,0.16615979187128094,1231,57,0.8091302647923877,ok,1231,0,,"reporter_code,base_year",clustered by reporter_code,reporter_code,"Student t, df=56",
main_lagged_export_growth,rd2_countries,5,Imports,product,gini,product_gini,prior_export_growth,0.003941557398289816,0.004517251641091428,0.8725565258386808,0.38663085113716666,-0.005107585026426905,0.012990699823006538,1234,57,0.9277663814891636,ok,1237,3,,"reporter_code,base_year",clustered by reporter_code,reporter_code,"Student t, df=56",0.869919415058625
main_lagged_export_growth,rd2_countries,5,Imports,product,gini,product_gini,lag_log_real_exports,-0.004405284506823343,0.004682448598163789,-0.9408078731608212,0.3508440859948,-0.013785356202577181,0.004974787188930496,1234,57,0.9277663814891636,ok,1237,3,,"reporter_code,base_year",clustered by reporter_code,reporter_code,"Student t, df=56",
main_lagged_export_growth,rd2_countries,5,Imports,product,gini,product_gini,lag_log_population,-0.02340710254894375,0.015985863873570184,-1.4642375747765048,0.14872046628959265,-0.055430635986438714,0.008616430888551213,1234,57,0.9277663814891636,ok,1237,3,,"reporter_code,base_year",clustered by reporter_code,reporter_code,"Student t, df=56",
main_lagged_export_growth,rd2_countries,5,Imports,partner,gini,partner_gini,prior_export_growth,-0.0019874857786506064,0.0039808964622390225,-0.4992558328263482,0.6195549613514241,-0.009962179669325255,0.005987208112024042,1237,57,0.8559583520103233,ok,1237,0,,"reporter_code,base_year",clustered by reporter_code,reporter_code,"Student t, df=56",0.969738200376142
main_lagged_export_growth,rd2_countries,5,Imports,partner,gini,partner_gini,lag_log_real_exports,0.008497424276996013,0.0038104351228984853,2.2300404029795615,0.029770850636982007,0.0008642054822776725,0.016130643071714353,1237,57,0.8559583520103233,ok,1237,0,,"reporter_code,base_year",clustered by reporter_code,reporter_code,"Student t, df=56",
main_lagged_export_growth,rd2_countries,5,Imports,partner,gini,partner_gini,lag_log_population,0.00635441449250139,0.025712507248183553,0.24713321152103104,0.8057089285593868,-0.04515392701073095,0.057862755995733726,1237,57,0.8559583520103233,ok,1237,0,,"reporter_code,base_year",clustered by reporter_code,reporter_code,"Student t, df=56",
main_lagged_export_growth,rd2_countries,5,Imports,product,top_1pct_share,product_top_1pct_share,prior_export_growth,0.009681800335590785,0.018481228358382125,0.5238721229911985,0.6024347578133868,-0.027340548846246298,0.046704149517427865,1234,57,0.8514912632689047,ok,1237,3,,"reporter_code,base_year",clustered by reporter_code,reporter_code,"Student t, df=56",0.969738200376142
main_lagged_export_growth,rd2_countries,5,Imports,product,top_1pct_share,product_top_1pct_share,lag_log_real_exports,-0.009967036475619154,0.015631155313421293,-0.6376391428380992,0.5263072799082573,-0.04128000328209996,0.02134593033086165,1234,57,0.8514912632689047,ok,1237,3,,"reporter_code,base_year",clustered by reporter_code,reporter_code,"Student t, df=56",
main_lagged_export_growth,rd2_countries,5,Imports,product,top_1pct_share,product_top_1pct_share,lag_log_population,0.007361558105941184,0.05861291442605029,0.1255961792384336,0.9005014067019449,-0.1100542187226686,0.12477733493455095,1234,57,0.8514912632689047,ok,1237,3,,"reporter_code,base_year",clustered by reporter_code,reporter_code,"Student t, df=56",
main_lagged_export_growth,rd2_countries,5,Imports,product,top_5pct_share,product_top_5pct_share,prior_export_growth,0.008950371168887842,0.011058871488691982,0.8093385638887165,0.4217459718803841,-0.013203210501765721,0.031103952839541406,1234,57,0.9117984332001637,ok,1237,3,,"reporter_code,base_year",clustered by reporter_code,reporter_code,"Student t, df=56",0.8931091169231663
main_lagged_export_growth,rd2_countries,5,Imports,product,top_5pct_share,product_top_5pct_share,lag_log_real_exports,-0.007163147521355606,0.010517936251171625,-0.6810411615261198,0.4986520342245565,-0.028233105697948742,0.01390681065523753,1234,57,0.9117984332001637,ok,1237,3,,"reporter_code,base_year",clustered by reporter_code,reporter_code,"Student t, df=56",
main_lagged_export_growth,rd2_countries,5,Imports,product,top_5pct_share,product_top_5pct_share,lag_log_population,-0.0274295072472803,0.03577735121763702,-0.7666723866846377,0.44649640175508354,-0.09910015401897226,0.044241139524411666,1234,57,0.9117984332001637,ok,1237,3,,"reporter_code,base_year",clustered by reporter_code,reporter_code,"Student t, df=56",
main_lagged_export_growth,rd2_countries,5,Imports,partner,top_1pct_share,partner_top_1pct_share,prior_export_growth,-0.021748458141627708,0.02482233794056366,-0.8761647751998113,0.3846834029678996,-0.07147357624116726,0.02797665995791184,1237,57,0.8440934155669845,ok,1237,0,,"reporter_code,base_year",clustered by reporter_code,reporter_code,"Student t, df=56",0.869919415058625
main_lagged_export_growth,rd2_countries,5,Imports,partner,top_1pct_share,partner_top_1pct_share,lag_log_real_exports,0.01728656846490728,0.018958603553020363,0.9118059996646376,0.3657794151442596,-0.020692078144997045,0.05526521507481161,1237,57,0.8440934155669845,ok,1237,0,,"reporter_code,base_year",clustered by reporter_code,reporter_code,"Student t, df=56",
main_lagged_export_growth,rd2_countries,5,Imports,partner,top_1pct_share,partner_top_1pct_share,lag_log_population,-0.15038777549640203,0.10004567918793425,-1.5031911094721135,0.13840864076952214,-0.350803353790463,0.05002780279765895,1237,57,0.8440934155669845,ok,1237,0,,"reporter_code,base_year",clustered by reporter_code,reporter_code,"Student t, df=56",
main_lagged_export_growth,rd2_countries,5,Imports,partner,top_5pct_share,partner_top_5pct_share,prior_export_growth,-0.023780721271276457,0.013359663086913762,-1.7800389962356515,0.08049522953051778,-0.05054334235707096,0.002981899814518043,1237,57,0.8485891645893032,ok,1237,0,,"reporter_code,base_year",clustered by reporter_code,reporter_code,"Student t, df=56",0.3297125599065317
main_lagged_export_growth,rd2_countries,5,Imports,partner,top_5pct_share,partner_top_5pct_share,lag_log_real_exports,0.024452335126171842,0.011143188158550048,2.1943751445505146,0.03237305002894496,0.0021298468691809506,0.04677482338316273,1237,57,0.8485891645893032,ok,1237,0,,"reporter_code,base_year",clustered by reporter_code,reporter_code,"Student t, df=56",
main_lagged_export_growth,rd2_countries,5,Imports,partner,top_5pct_share,partner_top_5pct_share,lag_log_population,0.005832327573202872,0.0698736741177873,0.083469599199424,0.9337758132922758,-0.1341414615950553,0.14580611674146104,1237,57,0.8485891645893032,ok,1237,0,,"reporter_code,base_year",clustered by reporter_code,reporter_code,"Student t, df=56",
main_lagged_export_growth,rd2_countries,5,Exports,product,gini,product_gini,prior_export_growth,0.01104464718963644,0.004498350177096951,2.4552662097916524,0.017208720272352342,0.002033368947239293,0.020055925432033585,1228,57,0.9472742984716941,ok,1231,3,,"reporter_code,base_year",clustered by reporter_code,reporter_code,"Student t, df=56",0.15487848245117108
main_lagged_export_growth,rd2_countries,5,Exports,product,gini,product_gini,lag_log_real_exports,-0.003880786621424555,0.0038972616107370316,-0.9957726755455452,0.32364399958295753,-0.01168793977205562,0.003926366529206511,1228,57,0.9472742984716941,ok,1231,3,,"reporter_code,base_year",clustered by reporter_code,reporter_code,"Student t, df=56",
main_lagged_export_growth,rd2_countries,5,Exports,product,gini,product_gini,lag_log_population,-0.02088460565252473,0.0138556370258499,-1.5073002860540563,0.1373546617011237,-0.04864078192828347,0.0068715706232340135,1228,57,0.9472742984716941,ok,1231,3,,"reporter_code,base_year",clustered by reporter_code,reporter_code,"Student t, df=56",
main_lagged_export_growth,rd2_countries,5,Exports,partner,gini,partner_gini,prior_export_growth,0.02169347585537374,0.008738408980059138,2.482542978347407,0.016068468890279086,0.004188339168573377,0.039198612542174105,1231,57,0.8203422546341426,ok,1231,0,,"reporter_code,base_year",clustered by reporter_code,reporter_code,"Student t, df=56",0.15487848245117108
main_lagged_export_growth,rd2_countries,5,Exports,partner,gini,partner_gini,lag_log_real_exports,-0.00838824812434874,0.006647167907916127,-1.2619281234582862,0.21220537410924395,-0.021704125542505146,0.004927629293807665,1231,57,0.8203422546341426,ok,1231,0,,"reporter_code,base_year",clustered by reporter_code,reporter_code,"Student t, df=56",
main_lagged_export_growth,rd2_countries,5,Exports,partner,gini,partner_gini,lag_log_population,0.03902251714414737,0.02502006094846976,1.5596491641054138,0.12447685123833141,-0.01109868773588276,0.0891437220241775,1231,57,0.8203422546341426,ok,1231,0,,"reporter_code,base_year",clustered by reporter_code,reporter_code,"Student t, df=56",
main_lagged_export_growth,rd2_countries,5,Exports,product,top_1pct_share,product_top_1pct_share,prior_export_growth,0.060777974609663,0.03217637748128188,1.8889004719384481,0.06408782099935857,-0.0036790549458605853,0.12523500416518657,1228,57,0.9134472160245357,ok,1231,3,,"reporter_code,base_year",clustered by reporter_code,reporter_code,"Student t, df=56",0.3297125599065317
main_lagged_export_growth,rd2_countries,5,Exports,product,top_1pct_share,product_top_1pct_share,lag_log_real_exports,-0.02502550626041046,0.017875390229877993,-1.399997758850676,0.16702992936720243,-0.06083421583419747,0.010783203313376552,1228,57,0.9134472160245357,ok,1231,3,,"reporter_code,base_year",clustered by reporter_code,reporter_code,"Student t, df=56",
main_lagged_export_growth,rd2_countries,5,Exports,product,top_1pct_share,product_top_1pct_share,lag_log_population,-0.05313658288298158,0.06534915487624936,-0.813118134176417,0.4195939972488367,-0.18404667087338022,0.07777350510741708,1228,57,0.9134472160245357,ok,1231,3,,"reporter_code,base_year",clustered by reporter_code,reporter_code,"Student t, df=56",
main_lagged_export_growth,rd2_countries,5,Exports,product,top_5pct_share,product_top_5pct_share,prior_export_growth,0.036610734222211894,0.012227382154402545,2.9941596459410547,0.004091333975797867,0.0121163444055989,0.061105124038824885,1228,57,0.9375505216115402,ok,1231,3,,"reporter_code,base_year",clustered by reporter_code,reporter_code,"Student t, df=56",0.14728802312872322
main_lagged_export_growth,rd2_countries,5,Exports,product,top_5pct_share,product_top_5pct_share,lag_log_real_exports,-0.01346003051420136,0.011411980724809758,-1.1794648833343298,0.24319973754601348,-0.03632097498484732,0.009400913956444597,1228,57,0.9375505216115402,ok,1231,3,,"reporter_code,base_year",clustered by reporter_code,reporter_code,"Student t, df=56",
main_lagged_export_growth,rd2_countries,5,Exports,product,top_5pct_share,product_top_5pct_share,lag_log_population,-0.03781940757512538,0.04161197625581396,-0.9088587223694118,0.3673196961048272,-0.12117821280250271,0.045539397652251956,1228,57,0.9375505216115402,ok,1231,3,,"reporter_code,base_year",clustered by reporter_code,reporter_code,"Student t, df=56",
main_lagged_export_growth,rd2_countries,5,Exports,partner,top_1pct_share,partner_top_1pct_share,prior_export_growth,0.05877437722851361,0.036772640055201485,1.5983181283770782,0.11559994795029675,-0.014890072669602253,0.13243882712662947,1231,57,0.8032067954251685,ok,1231,0,,"reporter_code,base_year",clustered by reporter_code,reporter_code,"Student t, df=56",0.3783271023827894
main_lagged_export_growth,rd2_countries,5,Exports,partner,top_1pct_share,partner_top_1pct_share,lag_log_real_exports,-0.033206711886745954,0.030964848423275064,-1.0724002724904595,0.28814007214719,-0.09523675710120288,0.028823333327710976,1231,57,0.8032067954251685,ok,1231,0,,"reporter_code,base_year",clustered by reporter_code,reporter_code,"Student t, df=56",
main_lagged_export_growth,rd2_countries,5,Exports,partner,top_1pct_share,partner_top_1pct_share,lag_log_population,0.008076665193937155,0.11884011165942053,0.06796245039792431,0.9460576084545171,-0.22998868551464177,0.24614201590251608,1231,57,0.8032067954251685,ok,1231,0,,"reporter_code,base_year",clustered by reporter_code,reporter_code,"Student t, df=56",
main_lagged_export_growth,rd2_countries,5,Exports,partner,top_5pct_share,partner_top_5pct_share,prior_export_growth,0.0729582969513781,0.027956396787264644,2.60971746489926,0.011602085412718404,0.016954904554861733,0.12896168934789445,1231,57,0.8060544327300808,ok,1231,0,,"reporter_code,base_year",clustered by reporter_code,reporter_code,"Student t, df=56",0.15487848245117108
main_lagged_export_growth,rd2_countries,5,Exports,partner,top_5pct_share,partner_top_5pct_share,lag_log_real_exports,-0.02704637911008273,0.02105670955486559,-1.2844542039966116,0.20427130794699053,-0.06922803709534253,0.015135278875177065,1231,57,0.8060544327300808,ok,1231,0,,"reporter_code,base_year",clustered by reporter_code,reporter_code,"Student t, df=56",
main_lagged_export_growth,rd2_countries,5,Exports,partner,top_5pct_share,partner_top_5pct_share,lag_log_population,0.07753647696039578,0.0705872505500201,1.0984487475603157,0.2767089725240939,-0.06386677757292133,0.2189397314937129,1231,57,0.8060544327300808,ok,1231,0,,"reporter_code,base_year",clustered by reporter_code,reporter_code,"Student t, df=56",
main_lagged_export_growth,rd2_countries,10,Imports,product,gini,product_gini,prior_export_growth,-0.0004670233749490306,0.0037214854922430632,-0.1254938050739357,0.9005820760443581,-0.007922054647611951,0.006988007897713889,1237,57,0.9290654958049115,ok,1237,0,,"reporter_code,base_year",clustered by reporter_code,reporter_code,"Student t, df=56",0.9708598471612441
main_lagged_export_growth,rd2_countries,10,Imports,product,gini,product_gini,lag_log_real_exports,-0.004408278837678595,0.004513594983317888,-0.9766669038696342,0.3329344383603884,-0.013450096096648469,0.004633538421291279,1237,57,0.9290654958049115,ok,1237,0,,"reporter_code,base_year",clustered by reporter_code,reporter_code,"Student t, df=56",
main_lagged_export_growth,rd2_countries,10,Imports,product,gini,product_gini,lag_log_population,-0.014944263533130886,0.01176038388804755,-1.270729227497345,0.2090786732286323,-0.038503143406950185,0.008614616340688417,1237,57,0.9290654958049115,ok,1237,0,,"reporter_code,base_year",clustered by reporter_code,reporter_code,"Student t, df=56",
main_lagged_export_growth,rd2_countries,10,Imports,partner,gini,partner_gini,prior_export_growth,0.0008124811339828807,0.0038062847724424165,0.21345778956563144,0.8317451503303193,-0.006812423509704374,0.008437385777670135,1237,57,0.8884852789405744,ok,1237,0,,"reporter_code,base_year",clustered by reporter_code,reporter_code,"Student t, df=56",0.9708598471612441
main_lagged_export_growth,rd2_countries,10,Imports,partner,gini,partner_gini,lag_log_real_exports,0.004257473723743549,0.0035220668773264423,1.208799796264898,0.23181905530173957,-0.0027980740594221523,0.01131302150690925,1237,57,0.8884852789405744,ok,1237,0,,"reporter_code,base_year",clustered by reporter_code,reporter_code,"Student t, df=56",
main_lagged_export_growth,rd2_countries,10,Imports,partner,gini,partner_gini,lag_log_population,0.022191122754629145,0.01643048005812285,1.3506070836718105,0.18225406937813138,-0.010723083928020495,0.055105329437278784,1237,57,0.8884852789405744,ok,1237,0,,"reporter_code,base_year",clustered by reporter_code,reporter_code,"Student t, df=56",
main_lagged_export_growth,rd2_countries,10,Imports,product,top_1pct_share,product_top_1pct_share,prior_export_growth,0.0024384325906065853,0.015814059121080908,0.154193972081212,0.8780111569977866,-0.029240934571010273,0.03411779975222344,1237,57,0.8592762575614096,ok,1237,0,,"reporter_code,base_year",clustered by reporter_code,reporter_code,"Student t, df=56",0.9708598471612441
main_lagged_export_growth,rd2_countries,10,Imports,product,top_1pct_share,product_top_1pct_share,lag_log_real_exports,-0.005263341165806568,0.01682187115325959,-0.31288678398815845,0.7555289722729124,-0.038961598427228586,0.02843491609561545,1237,57,0.8592762575614096,ok,1237,0,,"reporter_code,base_year",clustered by reporter_code,reporter_code,"Student t, df=56",
main_lagged_export_growth,rd2_countries,10,Imports,product,top_1pct_share,product_top_1pct_share,lag_log_population,0.032529401751739684,0.040580579223685284,0.8016002327722704,0.4261726288754021,-0.04876326694357863,0.113822070447058,1237,57,0.8592762575614096,ok,1237,0,,"reporter_code,base_year",clustered by reporter_code,reporter_code,"Student t, df=56",
main_lagged_export_growth,rd2_countries,10,Imports,product,top_5pct_share,product_top_5pct_share,prior_export_growth,-9.292664158711515e-05,0.00936874578330979,-0.0099187920919641,0.9921213303930341,-0.018860779679247583,0.018674926396073356,1237,57,0.9148470765491702,ok,1237,0,,"reporter_code,base_year",clustered by reporter_code,reporter_code,"Student t, df=56",0.9921213303930342
main_lagged_export_growth,rd2_countries,10,Imports,product,top_5pct_share,product_top_5pct_share,lag_log_real_exports,-0.006388643164803948,0.010506041674083696,-0.6080923113567551,0.5455847153051052,-0.027434773640241068,0.014657487310633172,1237,57,0.9148470765491702,ok,1237,0,,"reporter_code,base_year",clustered by reporter_code,reporter_code,"Student t, df=56",
main_lagged_export_growth,rd2_countries,10,Imports,product,top_5pct_share,product_top_5pct_share,lag_log_population,-0.01196797046144708,0.02662256141713088,-0.4495424115632248,0.654775614936143,-0.06529936953227196,0.041363428609377806,1237,57,0.9148470765491702,ok,1237,0,,"reporter_code,base_year",clustered by reporter_code,reporter_code,"Student t, df=56",
main_lagged_export_growth,rd2_countries,10,Imports,partner,top_1pct_share,partner_top_1pct_share,prior_export_growth,-0.01301246143944751,0.02453737523948986,-0.5303118737209337,0.5979923825686522,-0.062166730652843144,0.036141807773948126,1237,57,0.8763775961877901,ok,1237,0,,"reporter_code,base_year",clustered by reporter_code,reporter_code,"Student t, df=56",0.969738200376142
main_lagged_export_growth,rd2_countries,10,Imports,partner,top_1pct_share,partner_top_1pct_share,lag_log_real_exports,0.02375789024163137,0.015466992047688108,1.536038175256095,0.13016024940814164,-0.0072262180263936715,0.054741998509656414,1237,57,0.8763775961877901,ok,1237,0,,"reporter_code,base_year",clustered by reporter_code,reporter_code,"Student t, df=56",
main_lagged_export_growth,rd2_countries,10,Imports,partner,top_1pct_share,partner_top_1pct_share,lag_log_population,-0.0012381787040638553,0.06764957003153318,-0.018302831835985193,0.9854623248789074,-0.13675655200378184,0.1342801945956541,1237,57,0.8763775961877901,ok,1237,0,,"reporter_code,base_year",clustered by reporter_code,reporter_code,"Student t, df=56",
main_lagged_export_growth,rd2_countries,10,Imports,partner,top_5pct_share,partner_top_5pct_share,prior_export_growth,-0.001020765346793337,0.01443878539511511,-0.07069606749184593,0.9438915180734317,-0.02994512818099388,0.027903597487407207,1237,57,0.8705220544694378,ok,1237,0,,"reporter_code,base_year",clustered by reporter_code,reporter_code,"Student t, df=56",0.9708598471612441
main_lagged_export_growth,rd2_countries,10,Imports,partner,top_5pct_share,partner_top_5pct_share,lag_log_real_exports,0.01957544273861167,0.010585322073156971,1.8493006262183085,0.06969483503976477,-0.001629505460455545,0.040780390937678886,1237,57,0.8705220544694378,ok,1237,0,,"reporter_code,base_year",clustered by reporter_code,reporter_code,"Student t, df=56",
main_lagged_export_growth,rd2_countries,10,Imports,partner,top_5pct_share,partner_top_5pct_share,lag_log_population,0.06610958688104934,0.05258838262895328,1.2571139018953545,0.21393029795445295,-0.03923760253962197,0.17145677630172065,1237,57,0.8705220544694378,ok,1237,0,,"reporter_code,base_year",clustered by reporter_code,reporter_code,"Student t, df=56",
main_lagged_export_growth,rd2_countries,10,Exports,product,gini,product_gini,prior_export_growth,0.006081478052908051,0.004583442413577349,1.3268363610052416,0.18994790788775842,-0.0031002604224644615,0.015263216528280563,1231,57,0.9534974970115995,ok,1231,0,,"reporter_code,base_year",clustered by reporter_code,reporter_code,"Student t, df=56",0.4884374774256645
main_lagged_export_growth,rd2_countries,10,Exports,product,gini,product_gini,lag_log_real_exports,-0.007210720973327797,0.003911666691735871,-1.8433883921045207,0.0705664542194792,-0.01504673096877404,0.0006252890221184453,1231,57,0.9534974970115995,ok,1231,0,,"reporter_code,base_year",clustered by reporter_code,reporter_code,"Student t, df=56",
main_lagged_export_growth,rd2_countries,10,Exports,product,gini,product_gini,lag_log_population,0.002333762904044731,0.01315092684988277,0.1774599562969613,0.8597874500249428,-0.024010709252230207,0.02867823506031967,1231,57,0.9534974970115995,ok,1231,0,,"reporter_code,base_year",clustered by reporter_code,reporter_code,"Student t, df=56",
main_lagged_export_growth,rd2_countries,10,Exports,partner,gini,partner_gini,prior_export_growth,0.005586417827952191,0.008818151521156486,0.6335134766679017,0.5289774021486929,-0.012078462364198782,0.023251298020103166,1231,57,0.855475642582345,ok,1231,0,,"reporter_code,base_year",clustered by reporter_code,reporter_code,"Student t, df=56",0.9521593238676473
main_lagged_export_growth,rd2_countries,10,Exports,partner,gini,partner_gini,lag_log_real_exports,-0.00481204382362433,0.004615458003768642,-1.0425929170399062,0.30161700226261196,-0.014057917232905988,0.004433829585657327,1231,57,0.855475642582345,ok,1231,0,,"reporter_code,base_year",clustered by reporter_code,reporter_code,"Student t, df=56",
main_lagged_export_growth,rd2_countries,10,Exports,partner,gini,partner_gini,lag_log_population,-0.00030040710687624823,0.021902707774821503,-0.013715523667881124,0.9891056861000032,-0.044176803174424545,0.04357598896067205,1231,57,0.855475642582345,ok,1231,0,,"reporter_code,base_year",clustered by reporter_code,reporter_code,"Student t, df=56",
main_lagged_export_growth,rd2_countries,10,Exports,product,top_1pct_share,product_top_1pct_share,prior_export_growth,0.04042708049513989,0.029377625307993427,1.3761180514525793,0.17426349484999556,-0.01842337474488829,0.09927753573516807,1231,57,0.9093466940824617,ok,1231,0,,"reporter_code,base_year",clustered by reporter_code,reporter_code,"Student t, df=56",0.4884374774256645
main_lagged_export_growth,rd2_countries,10,Exports,product,top_1pct_share,product_top_1pct_share,lag_log_real_exports,-0.04147550594636906,0.019909809873549254,-2.0831693627306027,0.04181334070262583,-0.08135964778958232,-0.0015913641031558012,1231,57,0.9093466940824617,ok,1231,0,,"reporter_code,base_year",clustered by reporter_code,reporter_code,"Student t, df=56",
main_lagged_export_growth,rd2_countries,10,Exports,product,top_1pct_share,product_top_1pct_share,lag_log_population,0.11143012758125526,0.07680753830259036,1.4507707191742822,0.15242241734926476,-0.0424338606609613,0.26529411582347184,1231,57,0.9093466940824617,ok,1231,0,,"reporter_code,base_year",clustered by reporter_code,reporter_code,"Student t, df=56",
main_lagged_export_growth,rd2_countries,10,Exports,product,top_5pct_share,product_top_5pct_share,prior_export_growth,0.027350473410517884,0.015465576171168621,1.7684742623107335,0.08242813997663292,-0.003630798516010461,0.05833174533704623,1231,57,0.9400740558067082,ok,1231,0,,"reporter_code,base_year",clustered by reporter_code,reporter_code,"Student t, df=56",0.3297125599065317
main_lagged_export_growth,rd2_countries,10,Exports,product,top_5pct_share,product_top_5pct_share,lag_log_real_exports,-0.02289209511907936,0.01158823174054612,-1.9754605906768412,0.05315202221456006,-0.04610611280118669,0.0003219225630279772,1231,57,0.9400740558067082,ok,1231,0,,"reporter_code,base_year",clustered by reporter_code,reporter_code,"Student t, df=56",
main_lagged_export_growth,rd2_countries,10,Exports,product,top_5pct_share,product_top_5pct_share,lag_log_population,0.020248273105459846,0.04049322464106249,0.5000410138966043,0.6190055277023905,-0.06086940333297053,0.10136594954389022,1231,57,0.9400740558067082,ok,1231,0,,"reporter_code,base_year",clustered by reporter_code,reporter_code,"Student t, df=56",
main_lagged_export_growth,rd2_countries,10,Exports,partner,top_1pct_share,partner_top_1pct_share,prior_export_growth,0.006880071570869084,0.055257714831189464,0.12450879649814475,0.9013583021419769,-0.1038144328094536,0.11757457595119178,1231,57,0.8138018803738318,ok,1231,0,,"reporter_code,base_year",clustered by reporter_code,reporter_code,"Student t, df=56",0.9708598471612441
main_lagged_export_growth,rd2_countries,10,Exports,partner,top_1pct_share,partner_top_1pct_share,lag_log_real_exports,0.00697135365793736,0.025971223295897163,0.2684260798388603,0.7893577414377115,-0.04505525836669426,0.05899796568256899,1231,57,0.8138018803738318,ok,1231,0,,"reporter_code,base_year",clustered by reporter_code,reporter_code,"Student t, df=56",
main_lagged_export_growth,rd2_countries,10,Exports,partner,top_1pct_share,partner_top_1pct_share,lag_log_population,-0.008721832498910006,0.11034145523009369,-0.07904402276299942,0.9372793895093577,-0.22976232859276316,0.21231866359494314,1231,57,0.8138018803738318,ok,1231,0,,"reporter_code,base_year",clustered by reporter_code,reporter_code,"Student t, df=56",
main_lagged_export_growth,rd2_countries,10,Exports,partner,top_5pct_share,partner_top_5pct_share,prior_export_growth,0.02120780624300611,0.029805972991239802,0.7115287345002709,0.47971023026503457,-0.038500732517925365,0.08091634500393759,1231,57,0.8191364894526664,ok,1231,0,,"reporter_code,base_year",clustered by reporter_code,reporter_code,"Student t, df=56",0.9521593238676473
main_lagged_export_growth,rd2_countries,10,Exports,partner,top_5pct_share,partner_top_5pct_share,lag_log_real_exports,-0.014835146410168837,0.015655070552104997,-0.9476256501555075,0.3473915156586709,-0.0461960211965818,0.01652572837624413,1231,57,0.8191364894526664,ok,1231,0,,"reporter_code,base_year",clustered by reporter_code,reporter_code,"Student t, df=56",
main_lagged_export_growth,rd2_countries,10,Exports,partner,top_5pct_share,partner_top_5pct_share,lag_log_population,0.013315664238356194,0.07728856092472886,0.17228505847487946,0.8638345643156862,-0.14151192810721516,0.16814325658392756,1231,57,0.8191364894526664,ok,1231,0,,"reporter_code,base_year",clustered by reporter_code,reporter_code,"Student t, df=56",
